Month,"Electricity Net Generation, Electric Power Sector","Electricity Net Generation, Commercial Sector","Electricity Net Generation, Industrial Sector","Electricity Net Generation, Total",Electricity Imports,Electricity Exports,Electricity Net Imports,Transmission and Distribution Losses and Unaccounted for,Electricity Sales to Ultimate Customers,Electricity Direct Use,"Electricity End Use, Total"
1989-01-01,236.975,0.284,9.506,246.766,2.117,0.729,1.388,13.59,225.617,8.948,234.564
1989-02-01,224.276,0.308,9.199,233.783,2.69,0.854,1.837,11.952,214.979,8.688,223.667
1989-03-01,231.698,0.325,9.924,241.946,2.132,1.518,0.614,16.577,216.618,9.366,225.984
1989-04-01,213.179,0.328,9.362,222.869,2.133,1.158,0.975,13.063,201.925,8.856,210.781
1989-05-01,225.575,0.35,8.9,234.825,2.273,1.083,1.19,25.638,201.923,8.454,210.377
1989-06-01,241.293,0.372,9.254,250.919,2.141,0.553,1.588,21.923,221.786,8.797,230.583
1989-07-01,263.45,0.43,9.578,273.458,3.252,1.098,2.154,26.173,240.293,9.146,249.439
1989-08-01,264.963,0.42,10.036,275.42,2.62,0.905,1.715,23.934,243.644,9.556,253.2
1989-09-01,233.024,0.381,9.389,242.794,1.927,1.02,0.906,2.828,231.944,8.928,240.873
1989-10-01,225.641,0.369,9.659,235.669,1.651,1.627,0.025,15.036,211.494,9.164,220.658
1989-11-01,224.267,0.328,9.655,234.25,1.375,2.271,-0.897,18.492,205.738,9.124,214.861
1989-12-01,263.885,0.356,10.207,274.448,1.799,2.318,-0.519,33.427,230.849,9.654,240.503
1990-01-01,243.779,0.393,11.015,255.187,1.259,1.594,-0.336,3.575,240.881,10.395,251.276
1990-02-01,218.83,0.353,10.316,229.499,0.706,1.724,-1.018,5.356,213.404,9.722,223.126
1990-03-01,233.252,0.438,11.072,244.761,0.778,1.87,-1.092,19.063,214.12,10.487,224.607
1990-04-01,218.373,0.445,10.952,229.77,1.062,1.498,-0.436,13.784,205.165,10.384,215.549
1990-05-01,230.832,0.489,10.452,241.774,1.321,1.63,-0.309,23.273,208.222,9.97,218.192
1990-06-01,258.176,0.583,10.233,268.992,1.582,1.823,-0.241,31.91,226.986,9.856,236.842
1990-07-01,275.71,0.618,11.119,287.448,2.373,1.384,0.989,26.209,251.533,10.695,262.228
1990-08-01,278.19,0.634,11.831,290.655,2.032,1.226,0.806,28.038,252.065,11.358,263.423
1990-09-01,246.662,0.558,11.137,258.357,2.101,1.479,0.622,3.243,245.08,10.656,255.736
1990-10-01,232.783,0.506,11.083,244.372,2.481,0.999,1.481,12.993,222.301,10.56,232.86
1990-11-01,220.509,0.408,10.325,231.242,1.38,0.374,1.006,12.553,209.916,9.78,219.695
1990-12-01,244.224,0.411,11.134,255.77,1.37,0.533,0.838,23.206,222.882,10.52,233.402
1991-01-01,256.755,0.414,12.046,269.214,1.255,0.32,0.935,17.715,241.253,11.181,252.434
1991-02-01,217.949,0.352,9.989,228.29,0.781,0.087,0.693,0.509,219.194,9.28,228.474
1991-03-01,229.692,0.423,10.446,240.561,1.264,0.089,1.176,17.756,214.226,9.754,223.98
1991-04-01,217.484,0.44,9.875,227.799,1.379,0.052,1.328,13.498,206.371,9.257,215.628
1991-05-01,243.999,0.5,10.374,254.873,1.669,0.055,1.614,29.411,217.318,9.758,227.076
1991-06-01,258.098,0.511,10.49,269.099,1.243,0.185,1.058,22.322,237.963,9.872,247.835
1991-07-01,283.052,0.592,11.004,294.648,2.54,0.441,2.099,29.408,256.933,10.407,267.34
1991-08-01,279.481,0.602,12.075,292.159,2.834,0.339,2.495,25.077,258.199,11.377,269.576
1991-09-01,243.747,0.506,11.774,256.027,2.373,0.208,2.165,2.753,244.419,11.02,255.44
1991-10-01,233.308,0.492,11.578,245.378,2.582,0.183,2.4,15.389,221.557,10.832,232.389
1991-11-01,230.132,0.429,11.1,241.661,1.956,0.115,1.841,16.444,216.712,10.346,227.059
1991-12-01,241.863,0.397,11.829,254.089,2.055,0.232,1.823,17.083,227.857,10.971,238.828
1992-01-01,254.276,0.456,13.041,267.773,2.236,0.344,1.893,18.819,238.764,12.083,250.847
1992-02-01,227.67,0.433,11.412,239.514,2.33,0.411,1.92,4.598,226.233,10.603,236.836
1992-03-01,235.536,0.489,11.707,247.733,1.62,0.337,1.283,18.088,220.009,10.919,230.928
1992-04-01,221.761,0.496,11.148,233.406,1.838,0.279,1.559,12.579,211.962,10.424,222.386
1992-05-01,231.471,0.52,10.421,242.412,2.006,0.165,1.841,20.773,213.685,9.795,223.48
1992-06-01,248.93,0.565,11.582,261.077,1.93,0.221,1.709,24.633,227.279,10.874,238.153
1992-07-01,280.489,0.683,12.444,293.617,3.061,0.245,2.816,31.593,253.088,11.752,264.84
1992-08-01,268.665,0.628,12.635,281.927,2.61,0.265,2.345,19.409,252.99,11.873,264.863
1992-09-01,247.35,0.58,11.996,259.925,2.543,0.183,2.36,11.037,239.99,11.258,251.248
1992-10-01,232.239,0.489,12.266,244.994,2.831,0.129,2.702,11.486,224.792,11.418,236.21
1992-11-01,231.404,0.437,12.321,244.162,2.596,0.126,2.47,16.704,218.506,11.421,229.928
1992-12-01,254.585,0.451,12.307,267.343,2.646,0.123,2.523,22.378,236.066,11.421,247.488
1993-01-01,257.843,0.503,12.675,271.021,2.35,0.143,2.206,18.01,243.247,11.97,255.217
1993-02-01,235.701,0.47,11.844,248.015,2.215,0.145,2.07,10.421,228.478,11.185,239.663
1993-03-01,248.032,0.555,12.661,261.248,2.246,0.21,2.036,18.606,232.675,12.003,244.678
1993-04-01,222.84,0.469,11.386,234.695,1.743,0.218,1.525,9.623,215.829,10.768,226.597
1993-05-01,233.572,0.466,10.288,244.326,1.821,0.787,1.034,21.027,214.565,9.768,224.333
1993-06-01,263.642,0.631,11.087,275.36,1.949,0.893,1.057,28.424,237.349,10.643,247.992
1993-07-01,299.286,0.777,12.162,312.225,2.922,0.42,2.502,32.763,270.211,11.753,281.964
1993-08-01,296.936,0.811,13.703,311.45,3.366,0.155,3.211,27.648,273.83,13.183,287.013
1993-09-01,251.004,0.645,12.384,264.032,3.04,0.149,2.891,2.402,252.687,11.834,264.521
1993-10-01,237.317,0.6,12.636,250.553,3.351,0.13,3.221,13.424,228.327,12.022,240.349
1993-11-01,238.942,0.554,12.606,252.102,3.159,0.152,3.007,20.215,222.941,11.954,234.895
1993-12-01,258.782,0.52,12.863,272.165,3.196,0.139,3.057,21.744,241.322,12.155,253.477
1994-01-01,274.862,0.533,14.373,289.768,3.509,0.147,3.362,19.538,259.858,13.735,273.593
1994-02-01,236.341,0.461,12.37,249.172,3.938,0.117,3.821,2.318,238.852,11.823,250.675
1994-03-01,244.742,0.533,12.723,257.998,4.635,0.12,4.515,18.516,231.782,12.215,243.997
1994-04-01,228.071,0.549,12.017,240.637,3.376,0.132,3.244,12.233,220.068,11.579,231.647
1994-05-01,241.149,0.575,11.02,252.745,3.624,0.14,3.484,23.495,222.049,10.685,232.734
1994-06-01,281.196,0.768,12.198,294.162,3.867,0.208,3.659,33.153,252.721,11.947,264.668
1994-07-01,296.942,0.833,13.481,311.257,4.28,0.156,4.123,24.182,278.007,13.19,291.197
1994-08-01,293.669,0.854,13.082,307.605,4.471,0.185,4.286,26.21,272.839,12.841,285.68
1994-09-01,253.377,0.687,12.197,266.262,3.734,0.198,3.536,3.041,254.884,11.873,266.757
1994-10-01,243.158,0.654,12.716,256.528,3.743,0.168,3.575,14.028,233.755,12.32,246.075
1994-11-01,238.846,0.595,12.427,251.868,3.814,0.186,3.627,16.969,226.528,12.0,238.527
1994-12-01,256.37,0.576,12.574,269.52,3.843,0.253,3.59,17.773,243.219,12.117,255.337
1995-01-01,266.982,0.572,12.219,279.773,3.514,0.169,3.346,15.737,255.281,12.102,267.382
1995-02-01,240.551,0.515,11.241,252.307,3.638,0.273,3.365,5.41,239.139,11.123,250.262
1995-03-01,248.586,0.618,12.138,261.343,4.155,0.565,3.59,16.398,236.465,12.069,248.535
1995-04-01,231.845,0.619,12.272,244.736,3.822,0.379,3.443,14.124,221.859,12.196,234.055
1995-05-01,251.804,0.622,11.862,264.288,3.724,0.227,3.497,26.385,229.589,11.812,241.4
1995-06-01,273.764,0.735,11.759,286.258,3.978,0.399,3.579,23.006,255.01,11.821,266.831
1995-07-01,315.391,0.936,14.089,330.416,4.223,0.647,3.575,38.23,281.546,14.215,295.762
1995-08-01,329.966,1.049,14.765,345.78,4.628,0.277,4.35,36.168,299.0,14.962,313.962
1995-09-01,264.128,0.769,12.678,277.575,3.262,0.175,3.088,1.955,265.986,12.722,278.708
1995-10-01,250.466,0.647,12.865,263.978,2.92,0.114,2.806,12.948,241.053,12.784,253.837
1995-11-01,248.569,0.588,12.322,261.478,2.468,0.157,2.312,16.097,235.479,12.214,247.693
1995-12-01,272.179,0.562,12.814,285.554,2.521,0.24,2.281,22.298,252.882,12.655,265.537
1996-01-01,283.164,0.614,13.145,296.923,2.6,0.259,2.341,13.96,272.182,13.122,285.304
1996-02-01,258.386,0.571,11.728,270.685,2.986,0.164,2.822,5.673,256.104,11.73,267.834
1996-03-01,261.97,0.619,12.43,275.019,3.344,0.172,3.172,16.712,249.033,12.445,261.478
1996-04-01,240.062,0.6,10.951,251.613,3.214,0.115,3.099,13.358,230.337,11.016,241.353
1996-05-01,269.65,0.792,11.824,282.266,3.4,0.387,3.014,33.581,239.667,12.032,251.7
1996-06-01,289.121,0.904,12.692,302.717,4.0,0.259,3.741,27.591,265.901,12.966,278.867
1996-07-01,313.189,1.043,13.476,327.708,4.792,0.268,4.524,32.415,285.971,13.847,299.818
1996-08-01,314.253,1.01,14.024,329.286,5.377,0.308,5.068,30.144,289.873,14.338,304.211
1996-09-01,269.833,0.855,12.463,283.151,4.038,0.339,3.699,6.132,268.016,12.702,280.718
1996-10-01,257.615,0.77,13.061,271.446,3.371,0.203,3.169,16.192,245.232,13.192,258.423
1996-11-01,255.681,0.656,12.785,269.122,3.269,0.252,3.017,18.529,240.792,12.819,253.611
1996-12-01,271.216,0.596,12.437,284.25,3.106,0.576,2.53,16.33,258.019,12.43,270.449
1997-01-01,286.626,0.546,13.402,300.574,3.074,0.559,2.515,14.437,275.266,13.386,288.652
1997-02-01,245.914,0.524,11.693,258.131,2.768,0.73,2.038,-2.334,250.778,11.725,262.503
1997-03-01,259.078,0.605,12.574,272.258,3.102,0.598,2.504,18.561,243.552,12.649,256.201
1997-04-01,245.431,0.635,12.218,258.284,3.467,0.512,2.955,14.148,234.755,12.335,247.091
1997-05-01,259.716,0.704,12.493,272.914,2.872,0.57,2.302,25.777,236.773,12.666,249.439
1997-06-01,285.909,0.805,12.378,299.092,3.608,0.608,3.0,28.017,261.423,12.652,274.074
1997-07-01,329.793,1.037,13.687,344.516,4.641,0.599,4.042,38.17,296.258,14.131,310.389
1997-08-01,318.125,0.975,13.799,332.899,4.525,0.538,3.987,28.342,294.365,14.179,308.544
1997-09-01,287.287,0.854,12.915,301.057,3.776,0.84,2.936,12.062,278.717,13.215,291.931
1997-10-01,270.7,0.736,13.534,284.971,3.746,1.519,2.228,10.64,262.863,13.696,276.559
1997-11-01,257.924,0.614,12.584,271.121,3.795,1.155,2.64,14.535,246.56,12.666,259.225
1997-12-01,282.872,0.665,12.819,296.356,3.658,0.747,2.912,22.026,264.3,12.941,277.242
1998-01-01,281.337,0.548,13.375,295.26,2.697,1.132,1.565,11.974,271.099,13.751,284.851
1998-02-01,248.634,0.481,11.475,260.59,2.495,1.068,1.427,0.949,249.26,11.808,261.068
1998-03-01,273.664,0.62,12.594,286.878,2.954,1.069,1.884,22.036,253.675,13.051,266.726
1998-04-01,248.57,0.597,12.063,261.23,3.369,0.804,2.566,11.747,239.545,12.503,252.048
1998-05-01,286.065,0.773,12.801,299.64,3.166,1.065,2.101,34.654,253.68,13.407,267.087
1998-06-01,315.857,0.869,12.178,328.903,3.452,1.321,2.13,34.155,283.993,12.885,296.878
1998-07-01,346.861,1.02,14.055,361.936,4.615,1.147,3.468,36.994,313.522,14.889,328.411
1998-08-01,341.973,1.028,14.365,357.366,5.108,0.793,4.315,27.824,318.655,15.202,333.857
1998-09-01,304.726,0.894,13.304,318.924,3.85,1.234,2.616,10.421,297.097,14.022,311.12
1998-10-01,270.862,0.704,12.88,284.446,3.005,1.531,1.474,6.201,266.303,13.416,279.719
1998-11-01,254.7,0.557,11.88,267.136,2.262,1.331,0.931,5.77,250.014,12.283,262.297
1998-12-01,284.166,0.658,13.162,297.986,2.54,1.16,1.38,18.331,267.386,13.649,281.035
1999-01-01,301.516,0.598,13.7,315.814,2.329,1.546,0.783,18.175,283.533,14.888,298.421
1999-02-01,262.375,0.544,11.901,274.82,2.1,1.376,0.723,11.435,251.15,12.959,264.108
1999-03-01,285.337,0.638,12.17,298.145,2.557,1.886,0.671,24.706,260.773,13.336,274.11
1999-04-01,267.295,0.713,12.711,280.719,3.836,1.348,2.489,22.442,246.788,13.978,260.766
1999-05-01,285.908,0.756,13.435,300.098,3.768,1.226,2.541,33.507,254.356,14.776,269.133
1999-06-01,315.311,0.835,12.778,328.924,3.558,1.063,2.495,32.511,284.733,14.174,298.908
1999-07-01,361.077,1.006,14.455,376.538,3.557,0.908,2.649,38.773,324.315,16.099,340.414
1999-08-01,348.523,0.968,14.541,364.031,3.531,0.618,2.913,27.815,322.98,16.149,339.129
1999-09-01,291.766,0.733,13.017,305.516,4.594,0.593,4.001,0.401,294.798,14.317,309.115
1999-10-01,270.8,0.668,12.467,283.935,4.628,1.326,3.302,8.161,265.399,13.677,279.076
1999-11-01,258.026,0.551,12.519,271.096,4.58,1.049,3.531,8.489,252.529,13.609,266.138
1999-12-01,282.049,0.554,12.571,295.174,4.178,1.283,2.895,13.671,270.732,13.667,284.399
2000-01-01,315.035,0.567,12.392,327.994,3.641,0.73,2.911,29.681,287.764,13.46,301.224
2000-02-01,281.3,0.523,12.346,294.169,3.958,0.598,3.36,12.067,272.095,13.367,285.462
2000-03-01,288.212,0.605,12.763,301.58,3.682,1.022,2.66,27.937,262.418,13.885,276.303
2000-04-01,272.47,0.608,12.5,285.578,3.737,1.232,2.505,25.292,249.175,13.615,262.79
2000-05-01,309.092,0.765,13.096,322.954,4.296,1.343,2.953,42.246,269.263,14.398,283.661
2000-06-01,325.431,0.743,12.88,339.054,4.579,1.642,2.937,28.077,299.765,14.15,313.914
2000-07-01,342.104,0.837,13.587,356.528,5.234,0.844,4.39,28.37,317.566,14.982,332.548
2000-08-01,353.254,0.891,14.525,368.669,5.459,0.93,4.529,26.454,330.733,16.012,346.745
2000-09-01,298.835,0.703,12.909,312.447,4.381,1.088,3.293,-2.092,303.693,14.138,317.831
2000-10-01,275.711,0.605,13.135,289.452,2.761,1.138,1.622,3.967,272.835,14.272,287.107
2000-11-01,271.325,0.536,12.809,284.67,3.442,1.185,2.257,8.946,264.121,13.861,277.982
2000-12-01,304.761,0.519,13.731,319.011,3.422,3.077,0.344,12.566,291.988,14.801,306.789
2001-01-01,318.736,0.629,13.128,332.493,3.415,1.549,1.865,9.223,310.846,14.289,325.135
2001-02-01,270.971,0.548,11.421,282.94,3.316,2.852,0.464,-1.351,272.324,12.432,284.756
2001-03-01,287.7,0.553,12.454,300.707,3.527,1.793,1.734,19.616,269.315,13.51,282.825
2001-04-01,265.855,0.55,11.674,278.079,3.793,1.415,2.378,13.434,254.326,12.697,267.023
2001-05-01,288.166,0.575,11.751,300.492,4.416,1.549,2.867,26.113,264.442,12.803,277.245
2001-06-01,315.148,0.598,11.949,327.694,3.695,1.276,2.42,27.103,289.979,13.032,303.011
2001-07-01,343.834,0.732,13.048,357.614,3.521,1.173,2.348,29.799,315.85,14.313,330.163
2001-08-01,356.152,0.814,13.566,370.533,3.751,1.158,2.593,25.933,332.256,14.937,347.193
2001-09-01,293.882,0.636,12.412,306.929,1.936,1.321,0.615,-2.05,296.042,13.552,309.594
2001-10-01,281.391,0.622,12.721,294.734,1.775,0.797,0.978,14.257,267.596,13.859,281.455
2001-11-01,266.155,0.548,12.23,278.934,2.136,0.986,1.15,13.868,252.943,13.273,266.216
2001-12-01,292.063,0.611,12.822,305.496,3.22,0.604,2.616,25.621,268.538,13.953,282.491
2002-01-01,306.171,0.597,13.173,319.941,3.306,0.841,2.465,17.136,290.967,14.303,305.271
2002-02-01,269.476,0.5,11.85,281.826,2.793,0.863,1.93,7.2,263.728,12.827,276.556
2002-03-01,289.322,0.573,12.654,302.549,3.312,1.785,1.527,22.878,267.46,13.738,281.198
2002-04-01,277.126,0.546,12.176,289.848,3.411,1.73,1.681,20.369,257.946,13.214,271.16
2002-05-01,294.517,0.566,12.592,307.675,2.392,1.766,0.627,25.312,269.323,13.666,282.99
2002-06-01,327.553,0.642,12.829,341.023,3.152,1.338,1.814,32.376,296.47,13.992,310.461
2002-07-01,366.98,0.743,13.82,381.542,4.293,0.707,3.587,32.718,337.285,15.126,352.411
2002-08-01,360.351,0.797,13.438,374.586,4.067,1.106,2.961,24.647,338.115,14.786,352.9
2002-09-01,317.976,0.676,12.628,331.279,2.763,1.154,1.609,8.572,310.498,13.818,324.316
2002-10-01,294.096,0.6,12.363,307.059,2.482,1.16,1.322,10.739,284.178,13.465,297.643
2002-11-01,283.374,0.554,12.361,296.29,2.537,1.604,0.933,20.774,263.034,13.415,276.449
2002-12-01,311.516,0.622,12.697,324.834,2.27,1.743,0.527,25.065,286.462,13.833,300.296
2003-01-01,327.446,0.617,13.926,341.989,3.063,1.737,1.326,23.946,304.263,15.106,319.369
2003-02-01,286.699,0.55,11.999,299.249,2.725,1.793,0.931,4.905,282.24,13.035,295.275
2003-03-01,291.086,0.594,12.637,304.317,2.758,2.384,0.374,16.475,274.473,13.743,288.217
2003-04-01,273.016,0.581,12.159,285.756,2.561,1.724,0.837,16.65,256.71,13.232,269.942
2003-05-01,294.241,0.598,12.706,307.545,2.783,2.383,0.399,25.338,268.788,13.819,282.607
2003-06-01,315.306,0.624,12.763,328.694,2.872,2.481,0.391,24.729,290.45,13.905,304.355
2003-07-01,360.116,0.709,13.571,374.396,3.727,1.423,2.303,27.658,334.209,14.833,349.042
2003-08-01,367.42,0.718,13.678,381.816,3.614,1.408,2.206,27.25,341.819,14.953,356.772
2003-09-01,309.751,0.64,12.744,323.136,1.723,2.118,-0.395,2.249,306.59,13.902,320.492
2003-10-01,293.289,0.636,12.816,306.741,0.855,2.255,-1.399,13.989,277.38,13.973,291.353
2003-11-01,284.902,0.588,12.377,297.867,1.382,2.153,-0.771,20.653,262.977,13.466,276.443
2003-12-01,317.887,0.64,13.154,331.68,2.332,2.114,0.218,23.734,293.836,14.328,308.164
2004-01-01,332.296,0.694,13.555,346.546,2.276,2.149,0.127,24.016,307.856,14.8,322.657
2004-02-01,301.278,0.654,12.348,314.28,1.89,2.007,-0.117,14.225,286.433,13.505,299.938
2004-03-01,295.508,0.634,12.67,308.812,1.762,2.685,-0.923,15.889,278.182,13.819,292.001
2004-04-01,277.603,0.623,12.334,290.56,2.082,2.077,0.004,14.255,262.851,13.458,276.309
2004-05-01,313.916,0.699,12.765,327.38,2.448,2.272,0.176,34.535,279.036,13.985,293.021
2004-06-01,331.531,0.702,12.853,345.085,2.944,2.302,0.642,23.876,307.772,14.079,321.851
2004-07-01,362.932,0.763,13.637,377.332,4.168,1.271,2.897,31.364,333.907,14.957,348.864
2004-08-01,354.509,0.749,13.181,368.439,4.777,1.349,3.428,26.471,330.927,14.469,345.396
2004-09-01,322.329,0.707,12.586,335.622,2.938,1.988,0.95,14.199,308.566,13.807,322.373
2004-10-01,299.476,0.673,12.301,312.45,2.625,1.563,1.062,18.3,281.737,13.476,295.213
2004-11-01,289.208,0.656,12.237,302.101,3.035,1.539,1.496,20.042,270.163,13.392,283.555
2004-12-01,327.775,0.714,13.459,341.948,3.266,1.696,1.57,28.746,300.05,14.721,314.771
2005-01-01,329.896,0.737,12.489,343.121,3.173,1.695,1.478,22.572,309.079,12.948,322.027
2005-02-01,286.566,0.656,11.279,298.5,2.997,1.197,1.799,9.102,279.514,11.684,291.198
2005-03-01,304.624,0.702,12.132,317.458,3.445,1.056,2.389,20.491,286.791,12.565,299.356
2005-04-01,277.402,0.649,11.512,289.562,3.027,1.188,1.838,15.328,264.168,11.905,276.073
2005-05-01,302.523,0.686,11.853,315.062,3.281,1.762,1.519,30.805,273.5,12.276,285.776
2005-06-01,350.246,0.763,12.662,363.672,3.587,1.996,1.591,32.738,319.381,13.143,332.524
2005-07-01,387.63,0.823,13.821,402.274,4.381,1.582,2.799,35.222,355.514,14.337,369.851
2005-08-01,390.258,0.821,13.862,404.941,4.985,1.467,3.518,31.54,362.544,14.375,376.918
2005-09-01,337.681,0.718,11.819,350.218,3.709,1.863,1.846,8.867,330.923,12.273,343.197
2005-10-01,305.201,0.644,10.553,316.398,3.65,1.779,1.871,9.681,297.626,10.962,308.589
2005-11-01,294.691,0.627,10.797,306.115,3.77,1.715,2.055,22.4,274.585,11.184,285.77
2005-12-01,335.474,0.665,11.962,348.101,3.925,1.85,2.075,30.471,307.343,12.362,319.705
2006-01-01,315.254,0.684,12.72,328.658,3.879,2.436,1.443,12.661,304.866,12.574,317.44
2006-02-01,295.333,0.643,11.357,307.333,3.415,1.84,1.575,16.605,281.046,11.257,292.304
2006-03-01,306.041,0.643,12.046,318.73,3.702,2.045,1.658,18.514,289.97,11.903,301.873
2006-04-01,285.788,0.625,11.445,297.858,3.405,2.001,1.403,19.731,268.208,11.322,279.531
2006-05-01,317.522,0.713,12.38,330.616,3.719,2.265,1.453,32.588,287.198,12.283,299.481
2006-06-01,351.36,0.724,12.176,364.26,3.776,2.357,1.419,31.739,321.84,12.101,333.941
2006-07-01,396.263,0.783,13.375,410.421,4.714,1.646,3.068,37.821,362.387,13.281,375.668
2006-08-01,393.589,0.78,13.394,407.763,4.672,1.596,3.076,28.909,368.634,13.296,381.93
2006-09-01,319.181,0.682,12.193,332.055,2.18,2.179,0.001,2.696,317.282,12.077,329.36
2006-10-01,308.218,0.704,12.645,321.567,2.664,2.311,0.354,18.212,291.186,12.522,303.708
2006-11-01,296.571,0.682,11.906,309.159,2.913,2.154,0.759,20.928,277.182,11.808,288.99
2006-12-01,322.957,0.709,12.617,336.283,3.652,1.441,2.211,25.873,300.119,12.501,312.62
2007-01-01,339.968,0.669,12.894,353.531,3.477,1.575,1.902,29.072,315.104,11.258,326.361
2007-02-01,311.81,0.641,10.779,323.23,4.193,1.356,2.837,15.257,301.331,9.479,310.81
2007-03-01,308.331,0.659,11.481,320.471,3.894,2.092,1.803,20.536,291.66,10.077,301.738
2007-04-01,291.254,0.639,11.236,303.129,3.996,1.168,2.828,20.76,275.341,9.857,285.197
2007-05-01,317.826,0.68,11.697,330.203,4.639,1.155,3.484,30.613,292.8,10.274,303.074
2007-06-01,350.339,0.707,11.709,362.755,4.492,1.307,3.185,32.627,323.007,10.306,333.313
2007-07-01,379.914,0.763,12.55,393.226,5.507,1.737,3.77,33.304,352.642,11.05,363.692
2007-08-01,407.865,0.774,13.157,421.797,5.399,1.908,3.491,40.359,373.365,11.564,384.929
2007-09-01,342.713,0.684,11.997,355.394,3.838,2.456,1.382,8.725,337.525,10.526,348.051
2007-10-01,319.83,0.706,12.08,332.615,3.568,1.556,2.012,16.232,307.783,10.613,318.395
2007-11-01,301.907,0.667,11.528,314.103,4.322,1.789,2.534,20.214,286.299,10.123,296.422
2007-12-01,333.586,0.686,12.018,346.29,4.07,2.045,2.025,30.066,307.704,10.545,318.249
2008-01-01,349.836,0.709,12.453,362.998,5.009,1.757,3.252,28.039,326.215,11.997,338.211
2008-02-01,313.292,0.636,11.178,325.106,4.587,1.533,3.054,12.296,305.095,10.768,315.863
2008-03-01,312.41,0.619,11.601,324.63,4.796,2.65,2.146,21.013,294.625,11.138,305.763
2008-04-01,294.203,0.614,11.049,305.865,4.062,1.329,2.733,20.005,277.963,10.63,288.593
2008-05-01,313.216,0.609,11.42,325.245,5.339,3.028,2.312,28.316,288.276,10.964,299.24
2008-06-01,360.612,0.675,11.822,373.109,6.12,3.373,2.747,35.873,328.592,11.391,339.983
2008-07-01,389.318,0.728,12.855,402.9,6.021,1.708,4.313,34.407,360.427,12.38,372.807
2008-08-01,375.612,0.715,12.66,388.987,5.822,1.481,4.342,29.281,351.856,12.191,364.047
2008-09-01,327.021,0.675,10.36,338.056,4.856,1.797,3.059,9.152,321.906,10.058,331.964
2008-10-01,306.769,0.642,11.137,318.547,3.644,2.037,1.606,17.656,291.762,10.735,302.497
2008-11-01,299.222,0.623,10.201,310.046,3.282,2.06,1.222,23.072,278.33,9.866,288.196
2008-12-01,332.839,0.681,10.378,343.898,3.481,1.446,2.035,26.938,308.916,10.08,318.996
2009-01-01,343.516,0.717,10.76,354.993,4.266,2.25,2.017,25.016,321.624,10.369,331.993
2009-02-01,290.221,0.627,10.04,300.887,3.885,1.531,2.354,7.353,286.251,9.637,295.889
2009-03-01,299.257,0.668,10.678,310.603,2.949,1.707,1.242,17.786,283.808,10.251,294.059
2009-04-01,278.994,0.633,9.91,289.537,3.291,1.486,1.806,16.353,265.464,9.526,274.99
2009-05-01,300.496,0.64,10.17,311.306,4.127,1.39,2.737,28.999,275.276,9.767,285.043
2009-06-01,336.011,0.675,10.973,347.658,4.73,1.626,3.104,34.718,305.52,10.524,316.044
2009-07-01,359.842,0.733,11.968,372.542,5.5,1.421,4.079,27.268,337.878,11.475,349.353
2009-08-01,368.139,0.769,12.314,381.221,5.83,1.355,4.475,29.031,344.845,11.82,356.666
2009-09-01,315.163,0.693,11.545,327.401,4.471,1.381,3.09,8.87,310.563,11.057,321.62
2009-10-01,295.093,0.659,11.289,307.04,4.71,1.357,3.353,12.482,287.116,10.795,297.911
2009-11-01,285.012,0.648,10.975,296.635,3.831,1.283,2.548,20.523,268.158,10.501,278.659
2009-12-01,338.095,0.703,11.709,350.507,4.6,1.352,3.248,32.25,310.291,11.214,321.505
2010-01-01,348.128,0.709,12.12,360.957,5.31,1.17,4.14,22.134,331.879,11.084,342.963
2010-02-01,307.994,0.623,11.118,319.735,4.413,1.025,3.389,14.519,298.46,10.144,308.604
2010-03-01,299.571,0.661,11.936,312.168,4.355,1.305,3.049,11.822,292.511,10.884,303.395
2010-04-01,276.121,0.645,11.034,287.8,3.885,1.278,2.608,13.265,267.052,10.091,277.143
2010-05-01,315.656,0.666,11.614,327.936,3.06,1.737,1.323,34.92,283.729,10.611,294.34
2010-06-01,362.985,0.699,12.075,375.759,4.055,1.56,2.496,36.325,330.893,11.037,341.93
2010-07-01,396.195,0.812,12.718,409.725,4.307,1.494,2.813,31.83,369.018,11.69,380.708
2010-08-01,394.651,0.838,13.395,408.884,3.638,1.819,1.819,26.636,371.769,12.298,384.067
2010-09-01,333.057,0.75,12.238,346.045,2.907,2.386,0.521,7.602,327.742,11.221,338.964
2010-10-01,295.646,0.712,11.562,307.921,2.535,2.103,0.432,9.908,287.84,10.605,298.445
2010-11-01,293.833,0.683,11.493,306.01,2.667,1.874,0.793,21.383,274.9,10.52,285.42
2010-12-01,348.549,0.793,12.777,362.119,3.951,1.356,2.595,33.942,319.048,11.725,330.773
2011-01-01,350.001,0.817,12.054,362.872,4.282,1.594,2.688,20.199,334.116,11.245,345.36
2011-02-01,301.632,0.725,10.77,313.127,3.741,1.521,2.22,8.401,296.903,10.042,306.946
2011-03-01,306.808,0.753,11.149,318.71,4.023,1.541,2.482,18.742,292.052,10.398,302.45
2011-04-01,290.519,0.706,11.175,302.401,3.799,1.603,2.196,19.013,275.204,10.38,285.584
2011-05-01,311.403,0.867,11.359,323.628,4.898,1.276,3.622,28.576,287.993,10.681,298.674
2011-06-01,354.929,0.86,11.938,367.727,4.483,1.316,3.167,31.005,328.707,11.181,339.888
2011-07-01,404.802,1.023,12.868,418.693,6.023,1.255,4.768,40.633,370.692,12.136,382.828
2011-08-01,392.441,0.985,13.085,406.511,5.584,1.009,4.575,26.074,372.72,12.292,385.012
2011-09-01,325.113,0.87,11.948,337.931,4.036,1.016,3.02,3.505,326.247,11.199,337.446
2011-10-01,296.676,0.799,11.224,308.699,3.7,0.914,2.787,12.849,288.133,10.504,298.637
2011-11-01,291.639,0.8,11.663,304.102,3.471,1.13,2.341,20.32,275.235,10.888,286.123
2011-12-01,322.225,0.874,12.642,335.74,4.26,0.874,3.386,25.474,301.844,11.808,313.652
2012-01-01,326.185,0.916,12.425,339.526,4.149,0.934,3.215,20.099,310.975,11.667,322.643
2012-02-01,296.79,0.9,11.699,309.389,3.639,0.869,2.77,14.158,286.983,11.018,298.001
2012-03-01,296.497,0.911,11.682,309.09,4.205,1.198,3.007,17.353,283.731,11.013,294.744
2012-04-01,283.183,0.888,11.158,295.229,4.996,1.256,3.739,17.674,270.76,10.535,281.294
2012-05-01,323.598,0.93,11.988,336.516,5.472,1.15,4.322,32.572,296.968,11.297,308.266
2012-06-01,347.759,0.975,12.091,360.825,5.37,1.211,4.159,28.398,325.16,11.427,336.587
2012-07-01,400.316,1.135,13.19,414.641,6.675,1.008,5.667,36.817,370.963,12.528,383.49
2012-08-01,381.494,1.046,13.16,395.7,6.347,0.85,5.497,23.989,364.785,12.423,377.208
2012-09-01,321.586,0.93,12.069,334.586,4.908,0.906,4.002,9.13,318.09,11.368,329.458
2012-10-01,298.906,0.904,11.841,311.652,4.405,0.744,3.661,13.431,290.735,11.146,301.882
2012-11-01,293.047,0.876,12.052,305.976,4.695,0.8,3.895,20.352,278.212,11.306,289.518
2012-12-01,320.996,0.888,12.751,334.635,4.397,1.07,3.327,28.746,297.288,11.927,309.216
2013-01-01,335.062,0.981,12.924,348.967,5.378,1.056,4.322,20.311,320.683,12.296,332.978
2013-02-01,297.198,0.888,11.642,309.728,5.091,0.845,4.246,11.415,291.48,11.079,302.559
2013-03-01,311.828,0.995,12.576,325.399,5.578,0.952,4.626,20.799,297.226,12.0,309.226
2013-04-01,286.807,0.946,11.58,299.333,5.224,1.248,3.976,14.451,277.782,11.076,288.858
2013-05-01,309.028,0.981,12.147,322.156,5.972,0.958,5.014,26.164,289.398,11.608,301.006
2013-06-01,343.286,1.026,12.511,356.823,6.292,0.779,5.514,30.167,320.201,11.969,332.17
2013-07-01,380.108,1.236,13.502,394.846,6.855,0.983,5.872,28.986,358.701,13.031,371.732
2013-08-01,370.943,1.147,13.195,385.286,6.991,0.848,6.142,25.167,353.58,12.682,366.262
2013-09-01,327.638,1.073,12.23,340.941,5.658,0.726,4.932,10.633,323.478,11.762,335.24
2013-10-01,301.782,0.961,12.182,314.925,5.319,0.971,4.348,13.282,294.37,11.621,305.992
2013-11-01,301.287,0.936,12.317,314.54,5.559,0.896,4.664,25.991,281.494,11.718,293.212
2013-12-01,338.748,1.064,13.21,353.021,5.33,1.112,4.218,28.144,316.475,12.621,329.095
2014-01-01,363.642,1.218,12.391,377.251,5.467,1.282,4.184,28.155,341.238,12.043,353.281
2014-02-01,312.274,0.961,11.112,324.347,4.437,1.293,3.145,7.868,308.941,10.683,319.624
2014-03-01,318.912,0.972,11.937,331.821,5.584,1.937,3.647,21.657,302.388,11.423,313.811
2014-04-01,285.451,0.927,11.251,297.628,4.791,1.337,3.453,14.412,275.894,10.776,286.669
2014-05-01,312.067,0.986,11.667,324.719,5.39,0.826,4.564,26.666,291.421,11.196,302.617
2014-06-01,344.984,1.041,11.814,357.84,5.493,1.045,4.448,28.121,322.792,11.376,334.168
2014-07-01,371.813,1.173,12.79,385.775,6.299,1.03,5.269,27.165,351.524,12.355,363.879
2014-08-01,370.3,1.181,12.856,384.337,6.678,0.863,5.815,25.848,351.883,12.421,364.304
2014-09-01,326.752,1.086,12.044,339.883,6.034,0.766,5.268,6.625,326.907,11.619,338.526
2014-10-01,301.843,1.008,11.667,314.518,5.372,0.951,4.421,11.043,296.68,11.216,307.896
2014-11-01,304.734,0.96,11.797,317.491,5.583,0.875,4.708,25.498,285.413,11.288,296.701
2014-12-01,324.189,1.007,12.757,337.953,5.383,1.092,4.291,20.445,309.62,12.179,321.799
2015-01-01,346.755,0.981,12.717,360.453,6.039,0.817,5.221,23.794,329.666,12.214,341.881
2015-02-01,322.593,0.932,11.071,334.596,5.574,1.355,4.219,21.343,306.768,10.703,317.472
2015-03-01,311.862,0.977,11.475,324.314,6.632,0.944,5.688,13.547,305.352,11.103,316.455
2015-04-01,282.241,0.931,11.005,294.177,6.528,0.585,5.943,14.001,275.475,10.644,286.119
2015-05-01,309.654,1.013,11.522,322.189,6.616,0.609,6.007,28.928,288.091,11.178,299.268
2015-06-01,349.151,1.098,12.244,362.493,6.694,0.617,6.077,30.276,326.397,11.897,338.294
2015-07-01,386.005,1.238,13.292,400.535,6.896,0.647,6.249,30.889,362.938,12.956,375.894
2015-08-01,377.982,1.206,13.054,392.242,7.168,0.657,6.511,24.005,362.032,12.716,374.748
2015-09-01,336.686,1.145,12.359,350.19,6.611,0.709,5.902,11.093,332.958,12.042,345.0
2015-10-01,299.267,1.049,11.894,312.21,5.26,0.696,4.564,9.177,296.055,11.542,307.598
2015-11-01,287.677,0.992,12.11,300.779,5.849,0.661,5.188,18.367,275.917,11.684,287.6
2015-12-01,310.532,1.033,12.97,324.536,5.906,0.805,5.101,19.806,297.344,12.488,309.831
2016-01-01,339.195,1.022,12.497,352.714,6.523,0.389,6.134,26.038,320.89,11.92,332.81
2016-02-01,301.253,0.967,11.597,313.816,5.433,0.552,4.881,10.814,296.806,11.078,307.883
2016-03-01,291.3,1.011,12.117,304.427,5.809,0.671,5.138,12.178,285.812,11.575,297.387
2016-04-01,280.641,0.961,11.386,292.987,4.702,0.45,4.252,16.822,269.531,10.886,280.417
2016-05-01,303.962,1.019,11.886,316.867,5.561,0.37,5.191,25.972,284.708,11.379,296.086
2016-06-01,354.567,1.089,12.248,367.904,6.748,0.61,6.138,32.405,329.878,11.759,341.637
2016-07-01,397.791,1.263,12.989,412.043,7.674,0.575,7.099,34.404,372.172,12.566,384.739
2016-08-01,395.489,1.298,13.075,409.861,7.349,0.587,6.762,22.759,381.192,12.672,393.865
2016-09-01,338.335,1.114,12.111,351.56,5.297,0.587,4.711,7.858,336.752,11.66,348.412
2016-10-01,300.068,1.021,11.851,312.94,5.751,0.432,5.319,10.228,296.681,11.349,308.03
2016-11-01,284.286,0.927,11.852,297.065,6.421,0.417,6.004,14.485,277.317,11.268,288.585
2016-12-01,332.091,1.015,12.283,345.389,5.448,0.574,4.873,27.815,310.722,11.725,322.447
2017-01-01,330.941,1.103,12.37,344.414,7.019,0.484,6.535,20.661,318.177,12.111,330.288
2017-02-01,278.967,0.98,11.165,291.113,5.672,0.69,4.982,9.401,275.777,10.917,286.694
2017-03-01,306.515,1.087,11.867,319.469,6.023,0.998,5.025,21.407,291.444,11.644,303.088
2017-04-01,283.0,0.986,11.476,295.462,5.562,1.106,4.456,15.914,272.801,11.202,284.003
2017-05-01,310.751,1.074,11.67,323.494,5.084,0.832,4.252,24.421,291.871,11.455,303.325
2017-06-01,345.349,1.138,12.143,358.63,5.993,0.811,5.182,23.291,328.583,11.938,340.521
2017-07-01,390.399,1.227,12.912,404.537,5.913,0.708,5.205,29.42,367.613,12.709,380.322
2017-08-01,370.893,1.201,12.743,384.837,6.509,0.773,5.736,17.777,360.263,12.534,372.797
2017-09-01,323.561,1.098,11.345,336.004,5.228,0.692,4.536,7.63,321.726,11.184,332.91
2017-10-01,306.146,1.054,11.531,318.731,3.952,0.71,3.242,11.122,299.539,11.312,310.852
2017-11-01,295.451,1.006,11.731,308.189,3.93,0.823,3.107,16.499,283.347,11.45,294.797
2017-12-01,336.653,1.105,12.806,350.563,4.799,0.744,4.055,29.899,312.216,12.504,324.72
2018-01-01,359.598,1.114,12.668,373.379,5.225,1.14,4.085,20.6,344.478,12.386,356.864
2018-02-01,294.797,0.995,11.265,307.058,4.788,1.268,3.52,6.826,292.732,11.02,303.752
2018-03-01,308.965,1.058,11.742,321.765,5.599,1.195,4.403,17.664,296.999,11.505,308.504
2018-04-01,288.81,0.989,11.258,301.057,4.529,1.622,2.907,14.489,278.468,11.007,289.475
2018-05-01,326.185,1.076,11.967,339.228,5.239,1.141,4.098,28.355,303.248,11.723,314.971
2018-06-01,358.783,1.163,12.199,372.145,5.494,1.215,4.279,26.331,338.083,12.01,350.093
2018-07-01,397.18,1.298,13.138,411.617,5.371,0.935,4.435,28.054,375.023,12.975,387.998
2018-08-01,393.822,1.318,13.212,408.352,6.136,1.134,5.002,19.164,381.131,13.06,394.19
2018-09-01,343.217,1.156,12.185,356.558,4.251,1.061,3.19,10.494,337.263,11.991,349.253
2018-10-01,311.888,1.055,12.127,325.07,3.719,0.884,2.835,6.943,309.114,11.848,320.961
2018-11-01,309.16,0.993,12.313,322.466,3.813,1.285,2.528,22.528,290.507,11.959,302.466
2018-12-01,328.473,1.095,12.724,342.292,4.099,0.925,3.174,20.907,312.14,12.42,324.56
2019-01-01,345.543,1.16,13.025,359.729,4.805,1.464,3.341,21.933,328.609,12.528,341.137
2019-02-01,302.89,1.057,11.335,315.282,4.552,1.418,3.134,11.674,295.798,10.944,306.741
2019-03-01,313.631,1.173,12.099,326.903,4.95,2.549,2.401,15.73,301.853,11.721,313.574
2019-04-01,284.599,1.053,11.301,296.953,4.355,1.968,2.386,14.529,273.9,10.91,284.81
2019-05-01,317.735,1.072,11.854,330.661,4.723,1.682,3.041,25.485,296.802,11.415,308.217
2019-06-01,339.96,1.133,12.147,353.239,5.156,1.526,3.63,23.68,321.462,11.728,333.189
2019-07-01,395.874,1.313,13.178,410.365,5.643,1.957,3.685,25.158,376.095,12.798,388.892
2019-08-01,387.206,1.29,13.236,401.732,5.865,1.785,4.08,20.409,372.574,12.828,385.402
2019-09-01,347.136,1.15,12.474,360.76,5.293,1.776,3.517,11.782,340.463,12.032,352.495
2019-10-01,307.164,1.072,12.281,320.518,3.661,1.465,2.196,2.68,308.241,11.793,320.034
2019-11-01,302.301,1.066,12.531,315.897,4.839,1.244,3.595,21.953,285.532,12.008,297.54
2019-12-01,324.308,1.151,13.077,338.536,5.212,1.175,4.037,20.185,309.823,12.566,322.388
2020-01-01,327.71,1.145,13.164,342.019,4.608,1.425,3.182,16.913,315.533,12.755,328.288
2020-02-01,306.456,1.074,12.169,319.698,4.487,1.655,2.832,16.066,294.659,11.805,306.464
2020-03-01,296.522,1.05,12.297,309.87,5.095,1.317,3.778,11.855,289.894,11.898,301.792
2020-04-01,267.767,0.943,11.136,279.846,4.703,1.459,3.244,9.922,262.401,10.767,273.168
2020-05-01,292.546,1.012,11.278,304.837,5.198,1.493,3.705,22.879,274.707,10.956,285.663
2020-06-01,339.302,1.103,11.563,351.967,5.203,1.3,3.903,24.525,320.056,11.29,331.346
2020-07-01,396.375,1.293,12.203,409.871,6.648,1.221,5.427,23.737,379.53,12.031,391.561
2020-08-01,384.973,1.241,12.321,398.536,6.813,0.931,5.883,23.444,368.885,12.09,380.975
2020-09-01,321.032,1.097,11.363,333.493,4.694,0.954,3.74,3.571,322.555,11.108,333.662
2020-10-01,301.415,1.032,11.257,313.703,4.654,0.77,3.885,9.757,296.877,10.954,307.831
2020-11-01,289.138,0.987,11.278,301.403,4.216,0.803,3.413,16.634,277.249,10.933,288.183
2020-12-01,330.933,1.069,12.522,344.523,5.129,0.807,4.322,21.401,315.33,12.115,327.445
2021-01-01,335.508,1.096,12.606,349.21,5.086,0.941,4.145,19.378,321.496,12.48,333.977
2021-02-01,312.79,0.973,10.136,323.9,4.024,1.097,2.927,17.01,299.698,10.118,309.816
2021-03-01,299.4,0.988,11.01,311.397,4.569,0.743,3.826,8.951,295.345,10.928,306.273
2021-04-01,281.725,0.938,10.645,293.308,4.389,1.065,3.324,13.303,272.779,10.55,283.329
2021-05-01,308.036,0.966,11.179,320.181,4.667,0.972,3.695,22.754,290.061,11.062,301.122
2021-06-01,360.919,1.101,11.837,373.856,5.246,0.804,4.442,28.099,338.415,11.784,350.199
2021-07-01,391.705,1.204,12.715,405.624,5.512,1.098,4.414,23.412,373.948,12.678,386.626
2021-08-01,399.043,1.242,12.579,412.865,4.637,1.266,3.372,22.608,381.039,12.589,393.628
2021-09-01,335.24,1.115,11.389,347.744,3.915,1.175,2.741,2.652,336.444,11.388,347.832
2021-10-01,307.591,1.04,11.571,320.202,4.159,1.308,2.851,9.44,302.127,11.486,313.613
2021-11-01,301.458,1.031,11.82,314.31,2.965,1.803,1.162,16.633,287.134,11.705,298.839
2021-12-01,323.766,1.074,12.264,337.104,3.997,1.584,2.413,19.982,307.387,12.148,319.535
2022-01-01,359.855,1.403,12.508,373.766,4.468,1.47,2.998,25.71,338.656,12.397,351.053
2022-02-01,312.158,1.232,10.921,324.311,3.36,1.539,1.821,9.437,305.863,10.831,316.694
2022-03-01,311.53,1.328,11.673,324.53,3.681,1.685,1.996,10.64,304.3,11.587,315.887
2022-04-01,291.814,1.308,10.871,303.994,3.87,1.374,2.496,10.702,284.933,10.855,295.788
2022-05-01,329.317,1.381,11.485,342.184,4.375,1.608,2.767,23.786,309.697,11.467,321.164
2022-06-01,366.018,1.455,11.661,379.134,5.515,1.13,4.384,24.722,347.106,11.69,358.796
2022-07-01,408.874,1.592,12.51,422.975,6.738,1.274,5.464,26.658,389.214,12.567,401.782
2022-08-01,398.041,1.595,12.498,412.133,7.229,1.316,5.913,15.86,389.626,12.56,402.186
2022-09-01,338.966,1.417,11.272,351.655,5.188,1.351,3.837,3.64,340.544,11.309,351.853
2022-10-01,301.419,1.3,11.23,313.949,4.14,1.252,2.888,8.474,297.196,11.167,308.363
2022-11-01,308.815,1.33,11.635,321.78,3.534,0.907,2.627,20.595,292.258,11.555,303.812
2022-12-01,347.081,1.397,11.779,360.257,4.873,0.852,4.021,24.76,327.776,11.742,339.518
2023-01-01,335.037,1.316,11.597,347.95,4.488,1.203,3.285,14.394,325.415,11.427,336.841
2023-02-01,298.904,1.215,10.803,310.922,3.524,1.58,1.944,9.286,292.946,10.635,303.58
2023-03-01,318.825,1.264,11.616,331.704,3.891,1.329,2.562,16.415,306.454,11.397,317.851
2023-04-01,290.513,1.214,10.176,301.903,3.586,1.674,1.913,12.926,280.811,10.079,290.89
2023-05-01,314.977,1.317,11.18,327.474,3.904,1.279,2.624,20.335,298.706,11.058,309.764
2023-06-01,346.192,1.381,11.66,359.234,3.066,1.376,1.69,20.585,328.798,11.54,340.338
2023-07-01,411.67,1.529,12.255,425.455,3.217,1.986,1.231,27.232,387.256,12.198,399.454
2023-08-01,409.024,1.471,12.41,422.905,3.003,1.619,1.384,19.57,392.436,12.283,404.719
2023-09-01,347.36,1.37,11.76,360.49,2.356,2.27,0.086,2.481,346.476,11.618,358.095
2023-10-01,314.037,1.323,11.358,326.718,2.211,2.006,0.205,7.637,308.065,11.221,319.287
2023-11-01,307.854,1.308,11.622,320.785,2.469,1.829,0.64,15.735,294.248,11.442,305.69
2023-12-01,334.148,1.358,12.226,347.732,3.202,1.863,1.339,24.408,312.642,12.02,324.662
2024-01-01,366.348,1.428,12.659,380.434,3.613,1.876,1.737,25.988,343.718,12.465,356.183
2024-02-01,308.437,1.302,11.161,320.899,2.539,2.379,0.16,7.591,302.441,11.028,313.469
2024-03-01,311.841,1.339,11.132,324.313,2.207,2.556,-0.349,16.737,296.191,11.036,307.227
2024-04-01,297.075,1.235,11.024,309.335,1.8,2.263,-0.463,12.948,285.075,10.848,295.923
2024-05-01,333.206,1.35,11.254,345.809,1.792,1.746,0.045,22.129,312.573,11.153,323.726
2024-06-01,377.754,1.396,10.953,390.103,2.874,1.453,1.422,26.31,354.287,10.927,365.214
2024-07-01,417.17,1.496,11.79,430.456,4.001,1.514,2.487,24.386,396.8,11.757,408.556
2024-08-01,409.746,1.511,12.28,423.536,3.375,1.219,2.156,20.613,392.877,12.203,405.08
2024-09-01,347.118,1.34,11.15,359.609,3.094,0.991,2.102,8.016,342.643,11.053,353.696
2024-10-01,322.622,1.296,10.201,334.119,2.796,0.906,1.891,10.447,315.389,10.173,325.563
2024-11-01,311.935,1.277,10.929,324.141,1.79,1.247,0.543,20.335,293.549,10.801,304.349
2024-12-01,347.654,1.357,12.273,361.284,3.373,1.287,2.086,24.961,326.348,12.061,338.409
2025-01-01,387.678,1.367,12.458,401.503,4.073,1.232,2.841,30.987,361.123,12.233,373.356
2025-02-01,327.029,1.258,10.861,339.148,3.134,1.247,1.887,10.569,319.742,10.724,330.466
2025-03-01,321.012,1.305,11.529,333.846,2.374,1.563,0.811,16.648,306.652,11.357,318.009
2025-04-01,309.451,1.211,10.685,321.347,2.913,1.244,1.669,18.64,293.849,10.527,304.376
2025-05-01,331.518,1.209,10.977,343.704,3.324,0.99,2.334,23.703,311.552,10.784,322.336
2025-06-01,380.467,1.373,11.208,393.049,2.712,0.905,1.807,27.135,356.587,11.134,367.72
2025-07-01,433.486,1.499,11.914,446.899,1.296,0.263,1.033,29.074,406.989,11.869,418.859
